,id_pelanggan,jam_main_mingguan,genre_favorit,pengeluaran_snack,waktu_main_utama,hardware_requirement,vip_lounge_visit,target_membership
0,1,23.1,FPS,22000,Subuh,1,1,0
1,2,4.43,Casual,37000,Sore,0,1,0
2,3,56.37,MOBA,22000,Subuh,1,16,0
3,4,31.96,RPG,18000,Sore,0,19,0
4,5,23.57,Casual,61000,Sore,1,4,0
5,6,1.78,FPS,97000,Siang,1,1,0
6,7,41.37,RPG,70000,Malam,1,7,1
7,8,16.27,Casual,77000,Siang,0,4,1
8,9,46.73,MOBA,43000,Malam,1,20,1
9,10,34.66,Casual,9000,Subuh,0,22,0
10,11,35.62,FPS,32000,Malam,1,19,1
11,12,1.92,FPS,78000,Malam,1,2,0
12,13,42.97,RPG,78000,Siang,0,13,0
13,14,51.15,Casual,36000,Subuh,1,12,0
14,15,34.11,RPG,16000,Subuh,1,18,1
15,16,31.84,RPG,16000,Malam,0,11,1
16,17,34.23,Casual,91000,Subuh,0,8,1
17,18,36.33,RPG,20000,Subuh,1,10,1
18,19,13.89,Casual,90000,Sore,0,3,1
19,20,54.5,FPS,27000,Pagi,1,13,1
20,21,10.71,RPG,45000,Sore,0,3,0
21,22,10.93,Casual,54000,Pagi,0,0,0
22,23,15.57,RPG,52000,Malam,0,0,0
23,24,58.62,Casual,10000,Subuh,0,5,0
24,25,9.55,Casual,48000,Malam,0,2,0
25,26,48.39,FPS,65000,Sore,1,20,1
26,27,19.93,MOBA,71000,Sore,1,2,0
27,28,42.96,RPG,27000,Malam,0,5,0
28,29,31.55,Casual,18000,Malam,1,22,0
29,30,52.76,RPG,27000,Sore,1,24,0
30,31,15.27,Casual,97000,Subuh,1,2,0
31,32,17.45,RPG,74000,Subuh,1,0,1
32,33,5.96,Casual,80000,Malam,0,0,1
33,34,1.3,Casual,34000,Siang,0,4,0
34,35,43.02,FPS,52000,Malam,1,12,1
35,36,39.8,FPS,57000,Sore,1,18,1
36,37,58.75,RPG,90000,Malam,1,5,1
37,38,30.06,FPS,27000,Sore,1,21,0
38,39,59.68,MOBA,96000,Subuh,1,13,1
39,40,20.51,MOBA,97000,Sore,1,3,0
40,41,23.72,RPG,31000,Malam,0,1,1
41,42,42.07,Casual,12000,Siang,0,6,0
42,43,18.42,MOBA,75000,Pagi,0,4,0
43,44,25.77,MOBA,87000,Subuh,0,0,0
44,45,12.46,Casual,72000,Malam,1,3,1
45,46,26.87,RPG,8000,Malam,0,4,1
46,47,51.76,FPS,9000,Sore,0,5,0
47,48,17.02,Casual,64000,Malam,1,3,0
48,49,42.27,Casual,74000,Subuh,1,14,1
49,50,47.92,RPG,46000,Subuh,0,13,1
50,51,4.43,MOBA,20000,Siang,1,0,0
51,52,17.52,Casual,54000,Subuh,0,2,0
52,53,22.0,FPS,16000,Subuh,0,4,0
53,54,19.37,MOBA,72000,Malam,0,1,0
54,55,28.93,FPS,49000,Subuh,1,1,0
55,56,53.31,Casual,41000,Siang,1,5,0
56,57,41.35,Casual,12000,Siang,0,24,0
57,58,23.9,Casual,17000,Subuh,0,4,0
58,59,49.41,Casual,91000,Malam,0,16,0
59,60,2.08,RPG,64000,Malam,0,4,1
60,61,2.37,MOBA,30000,Malam,1,1,0
61,62,52.77,Casual,45000,Subuh,0,14,0
62,63,34.54,RPG,99000,Malam,0,11,1
63,64,52.16,Casual,87000,Pagi,0,7,0
64,65,54.25,MOBA,52000,Pagi,1,23,1
65,66,1.64,FPS,85000,Pagi,1,3,0
66,67,38.28,FPS,14000,Malam,1,8,1
67,68,47.1,RPG,14000,Malam,0,9,1
68,69,33.21,RPG,16000,Siang,1,16,0
69,70,50.47,MOBA,72000,Siang,1,6,0
70,71,6.01,RPG,60000,Subuh,1,0,1
71,72,59.17,Casual,38000,Malam,0,16,0
72,73,26.03,MOBA,36000,Sore,1,1,0
73,74,4.32,Casual,78000,Pagi,1,2,1
74,75,57.77,RPG,50000,Siang,0,10,0
75,76,58.7,FPS,9000,Subuh,0,15,0
76,77,15.93,RPG,97000,Malam,0,0,1
77,78,35.47,Casual,75000,Sore,0,20,1
78,79,27.88,Casual,37000,Siang,0,1,0
79,80,14.53,Casual,12000,Pagi,0,2,0
80,81,32.63,FPS,44000,Subuh,1,17,0
81,82,49.53,MOBA,45000,Subuh,1,6,0
82,83,52.72,RPG,9000,Pagi,0,5,0
83,84,59.13,RPG,61000,Malam,1,21,1
84,85,28.65,RPG,18000,Pagi,0,3,0
85,86,59.98,MOBA,92000,Subuh,1,14,1
86,87,15.59,MOBA,24000,Pagi,1,4,0
87,88,52.82,Casual,64000,Malam,0,11,0
88,89,31.7,MOBA,84000,Siang,1,16,0
89,90,52.72,FPS,61000,Subuh,1,6,1
90,91,54.29,Casual,6000,Siang,0,19,0
91,92,54.35,Casual,57000,Pagi,1,14,0
92,93,57.02,Casual,49000,Pagi,0,24,0
93,94,58.82,FPS,38000,Sore,1,15,0
94,95,8.6,RPG,61000,Malam,0,3,0
95,96,21.39,RPG,88000,Malam,1,4,0
96,97,3.41,FPS,38000,Siang,0,4,0
97,98,32.53,Casual,25000,Siang,0,17,0
98,99,6.45,RPG,65000,Siang,1,4,0
99,100,52.23,Casual,76000,Subuh,1,19,1
100,101,29.59,MOBA,77000,Siang,1,2,0
101,102,43.09,RPG,85000,Subuh,0,22,0
102,103,32.42,RPG,15000,Subuh,0,11,0
103,104,13.48,MOBA,56000,Pagi,1,3,0
104,105,21.95,FPS,52000,Malam,1,1,0
105,106,35.61,Casual,17000,Pagi,0,24,0
106,107,34.68,Casual,52000,Subuh,1,10,0
107,108,29.78,MOBA,23000,Pagi,0,2,0
108,109,42.12,Casual,16000,Siang,0,15,0
109,110,49.21,FPS,52000,Sore,1,6,1
110,111,34.73,RPG,85000,Sore,1,8,0
111,112,30.95,FPS,55000,Pagi,1,10,0
112,113,10.11,Casual,35000,Sore,0,1,0
113,114,33.37,MOBA,99000,Subuh,1,24,0
114,115,41.21,FPS,16000,Sore,1,21,1
115,116,45.01,MOBA,17000,Sore,1,16,1
116,117,55.66,Casual,60000,Subuh,0,13,0
117,118,48.17,RPG,21000,Subuh,0,8,0
118,119,35.71,MOBA,83000,Sore,1,5,1
119,120,30.66,FPS,39000,Siang,1,12,0
120,121,33.03,MOBA,94000,Sore,1,24,0
121,122,37.58,Casual,75000,Sore,1,10,1
122,123,42.71,RPG,76000,Pagi,0,14,0
123,124,45.52,MOBA,83000,Malam,1,24,1
124,125,48.04,FPS,51000,Malam,1,6,0
125,126,36.31,Casual,57000,Sore,0,24,0
126,127,54.6,MOBA,27000,Siang,1,16,1
127,128,9.21,MOBA,63000,Malam,1,3,0
128,129,42.1,Casual,7000,Siang,1,13,0
129,130,44.45,Casual,85000,Sore,0,18,0
130,131,10.77,Casual,17000,Pagi,0,2,0
131,132,24.54,FPS,76000,Siang,1,4,0
132,133,7.74,Casual,56000,Sore,1,1,0
133,134,55.19,Casual,26000,Malam,1,11,0
134,135,3.0,FPS,39000,Sore,1,3,0
135,136,31.4,FPS,96000,Pagi,1,12,0
136,137,36.13,FPS,43000,Sore,1,23,1
137,138,28.63,FPS,8000,Sore,0,2,0
138,139,31.94,Casual,51000,Sore,0,5,0
139,140,5.45,RPG,40000,Sore,0,3,0
140,141,58.76,Casual,73000,Subuh,0,7,0
141,142,40.64,FPS,62000,Pagi,1,7,1
142,143,33.85,Casual,14000,Sore,1,24,0
143,144,13.09,RPG,36000,Siang,0,0,0
144,145,2.57,FPS,88000,Subuh,1,1,0
145,146,37.86,RPG,30000,Malam,0,16,1
146,147,21.37,Casual,57000,Siang,1,2,0
147,148,46.05,Casual,16000,Sore,1,21,0
148,149,31.24,FPS,56000,Subuh,1,13,0
149,150,50.26,Casual,18000,Subuh,0,9,0
150,151,54.94,FPS,82000,Pagi,1,21,1
151,152,30.35,Casual,25000,Siang,0,10,0
152,153,15.79,FPS,68000,Siang,1,1,0
153,154,46.48,MOBA,9000,Malam,1,5,0
154,155,36.59,MOBA,11000,Sore,1,8,1
155,156,18.53,RPG,95000,Malam,1,4,1
156,157,16.92,RPG,30000,Malam,0,2,1
157,158,20.72,MOBA,50000,Pagi,0,0,0
158,159,42.59,Casual,46000,Sore,1,9,0
159,160,58.09,MOBA,61000,Sore,1,21,0
160,161,57.06,RPG,55000,Siang,1,23,0
161,162,48.59,RPG,74000,Malam,1,22,1
162,163,14.05,MOBA,10000,Siang,0,1,0
163,164,59.96,MOBA,59000,Siang,1,19,1
164,165,18.54,Casual,16000,Sore,1,1,0
165,166,4.24,RPG,35000,Subuh,0,2,1
166,167,29.38,RPG,71000,Malam,1,3,1
167,168,48.43,Casual,80000,Pagi,1,5,1
168,169,37.34,MOBA,45000,Sore,1,17,1
169,170,56.4,RPG,12000,Pagi,0,21,0
170,171,29.31,FPS,60000,Malam,1,1,0
171,172,20.85,Casual,75000,Pagi,0,1,1
172,173,14.78,FPS,31000,Subuh,1,0,0
173,174,24.11,Casual,26000,Siang,1,4,0
174,175,25.64,Casual,89000,Sore,1,1,0
175,176,59.48,RPG,43000,Subuh,0,23,1
176,177,14.61,MOBA,41000,Pagi,0,2,0
177,178,48.25,MOBA,97000,Pagi,1,24,1
178,179,11.26,MOBA,54000,Siang,1,2,0
179,180,14.24,Casual,76000,Pagi,0,4,0
180,181,52.77,RPG,31000,Malam,0,6,1
181,182,48.76,Casual,94000,Sore,0,19,0
182,183,42.05,Casual,52000,Subuh,0,17,0
183,184,59.5,MOBA,52000,Subuh,1,7,1
184,185,41.0,RPG,87000,Subuh,0,20,1
185,186,51.18,RPG,20000,Malam,0,14,0
186,187,42.24,Casual,20000,Sore,1,23,0
187,188,1.3,Casual,37000,Siang,1,4,0
188,189,1.38,Casual,13000,Sore,1,0,0
189,190,23.23,Casual,56000,Sore,0,2,0
190,191,32.93,Casual,85000,Malam,0,9,0
191,192,56.3,Casual,78000,Malam,0,21,1
192,193,42.81,MOBA,38000,Siang,0,22,0
193,194,58.44,FPS,47000,Sore,0,16,0
194,195,2.31,MOBA,40000,Sore,1,1,0
195,196,28.64,Casual,45000,Subuh,1,4,0
196,197,14.03,MOBA,78000,Malam,1,2,0
197,198,57.83,Casual,46000,Subuh,1,9,0
198,199,24.46,FPS,47000,Sore,1,3,0
199,200,45.0,RPG,8000,Malam,0,19,1
200,201,33.05,Casual,23000,Pagi,0,12,0
201,202,50.84,Casual,7000,Subuh,0,7,0
202,203,28.26,MOBA,16000,Pagi,1,3,0
203,204,12.83,FPS,20000,Subuh,1,2,1
204,205,9.83,FPS,12000,Siang,1,2,0
205,206,51.75,MOBA,91000,Sore,1,13,1
206,207,59.21,Casual,7000,Malam,1,14,0
207,208,56.53,FPS,54000,Pagi,1,5,1
208,209,22.11,RPG,18000,Malam,0,1,1
209,210,3.43,Casual,15000,Sore,0,2,0
210,211,56.24,RPG,63000,Sore,1,12,0
211,212,48.3,MOBA,63000,Sore,1,8,1
212,213,47.25,RPG,66000,Malam,1,15,1
213,214,36.0,Casual,20000,Subuh,0,23,1
214,215,20.88,Casual,88000,Subuh,0,2,0
215,216,2.23,RPG,27000,Subuh,1,2,0
216,217,24.79,FPS,12000,Pagi,1,0,0
217,218,43.9,FPS,85000,Subuh,1,16,1
218,219,30.79,MOBA,87000,Pagi,1,6,0
219,220,52.53,MOBA,80000,Siang,1,16,1
220,221,28.48,FPS,75000,Sore,1,3,0
221,222,11.6,Casual,40000,Siang,0,4,0
222,223,26.79,MOBA,88000,Pagi,1,0,0
223,224,58.2,MOBA,87000,Subuh,1,12,1
224,225,24.4,RPG,48000,Sore,0,1,0
225,226,40.49,FPS,46000,Malam,1,16,1
226,227,10.86,Casual,41000,Sore,1,4,0
227,228,47.13,Casual,82000,Malam,1,10,0
228,229,7.6,MOBA,99000,Pagi,1,3,0
229,230,38.76,RPG,48000,Subuh,0,21,1
230,231,41.6,Casual,99000,Sore,0,6,1
231,232,58.41,RPG,48000,Malam,0,16,1
232,233,8.42,MOBA,34000,Siang,1,1,0
233,234,44.12,FPS,47000,Subuh,1,19,1
234,235,50.45,MOBA,41000,Siang,1,12,1
235,236,46.34,RPG,93000,Malam,0,23,1
236,237,49.78,Casual,67000,Siang,0,6,1
237,238,3.84,FPS,87000,Pagi,1,0,0
238,239,18.03,RPG,88000,Malam,0,2,1
239,240,45.97,FPS,35000,Subuh,1,11,0
240,241,20.15,Casual,63000,Subuh,0,4,0
241,242,15.02,FPS,47000,Siang,1,1,0
242,243,30.53,FPS,87000,Siang,1,16,0
243,244,32.07,RPG,56000,Malam,1,10,1
244,245,43.21,RPG,7000,Sore,0,19,0
245,246,57.32,Casual,93000,Malam,1,23,0
246,247,29.67,Casual,55000,Sore,1,3,0
247,248,19.37,Casual,73000,Siang,0,3,1
248,249,31.83,RPG,70000,Sore,0,11,0
249,250,47.81,FPS,29000,Malam,1,11,1
250,251,23.04,FPS,65000,Sore,0,4,0
251,252,14.46,FPS,66000,Siang,1,1,0
252,253,21.85,MOBA,29000,Malam,1,2,0
253,254,40.61,FPS,14000,Malam,0,22,0
254,255,14.88,Casual,87000,Subuh,0,4,1
255,256,36.82,Casual,66000,Pagi,0,6,0
256,257,36.23,MOBA,43000,Subuh,1,21,0
257,258,21.12,MOBA,15000,Siang,1,4,0
258,259,6.05,FPS,62000,Pagi,1,2,0
259,260,37.41,FPS,54000,Siang,1,16,1
260,261,32.86,MOBA,61000,Sore,1,7,0
261,262,4.09,Casual,68000,Pagi,1,3,0
262,263,34.18,Casual,96000,Subuh,0,20,1
263,264,25.94,RPG,77000,Malam,0,3,1
264,265,23.57,RPG,43000,Sore,1,3,0
265,266,40.62,Casual,64000,Siang,1,5,0
266,267,30.9,Casual,72000,Malam,0,22,1
267,268,23.47,MOBA,94000,Pagi,1,2,0
268,269,27.38,Casual,88000,Sore,1,3,1
269,270,13.3,RPG,43000,Malam,0,1,1
270,271,48.55,Casual,25000,Pagi,0,7,0
271,272,42.0,MOBA,96000,Siang,1,6,0
272,273,51.86,Casual,63000,Pagi,0,18,0
273,274,30.65,FPS,83000,Subuh,1,12,0
274,275,30.86,RPG,96000,Malam,1,17,1
275,276,52.69,FPS,15000,Subuh,0,6,0
276,277,9.97,RPG,59000,Sore,0,2,0
277,278,37.55,RPG,98000,Sore,0,13,0
278,279,16.66,RPG,71000,Siang,0,0,0
279,280,14.03,FPS,64000,Malam,1,1,0
280,281,53.31,MOBA,67000,Sore,1,18,1
281,282,23.84,FPS,6000,Siang,0,4,0
282,283,16.33,MOBA,70000,Subuh,1,4,0
283,284,38.13,FPS,81000,Subuh,0,21,0
284,285,33.33,RPG,52000,Sore,0,8,0
285,286,15.37,MOBA,50000,Pagi,1,4,0
286,287,47.32,FPS,18000,Pagi,1,13,1
287,288,26.82,FPS,32000,Siang,0,3,0
288,289,49.68,RPG,68000,Subuh,0,19,1
289,290,27.59,FPS,19000,Malam,1,4,0
290,291,3.24,RPG,73000,Siang,0,0,1
291,292,44.51,MOBA,49000,Malam,1,19,1
292,293,47.25,RPG,22000,Siang,0,12,0
293,294,2.24,Casual,54000,Pagi,0,0,1
294,295,40.37,RPG,17000,Malam,1,13,1
295,296,29.22,RPG,97000,Subuh,0,1,1
296,297,35.36,RPG,54000,Malam,0,14,0
297,298,55.76,RPG,14000,Malam,0,22,1
298,299,15.2,FPS,69000,Sore,1,4,0
299,300,49.14,RPG,89000,Sore,0,17,0
300,301,58.73,MOBA,74000,Malam,0,15,0
301,302,32.83,FPS,21000,Subuh,1,24,0
302,303,13.6,RPG,19000,Malam,0,4,1
303,304,30.99,RPG,15000,Sore,0,16,0
304,305,45.91,RPG,20000,Malam,1,16,1
305,306,59.52,Casual,23000,Siang,0,14,0
306,307,49.09,RPG,23000,Malam,1,24,1
307,308,51.03,MOBA,8000,Pagi,0,6,0
308,309,41.02,Casual,19000,Sore,1,8,0
309,310,38.96,MOBA,89000,Sore,0,10,0
310,311,42.04,FPS,8000,Malam,0,17,0
311,312,35.7,Casual,53000,Sore,0,20,0
312,313,42.47,Casual,62000,Siang,0,23,0
313,314,49.68,FPS,65000,Sore,0,17,0
314,315,58.94,FPS,80000,Sore,1,8,0
315,316,44.39,FPS,13000,Malam,0,19,1
316,317,56.05,FPS,21000,Malam,1,19,0
317,318,25.18,MOBA,76000,Pagi,1,4,0
318,319,22.37,MOBA,21000,Sore,0,4,0
319,320,55.85,RPG,94000,Sore,0,23,0
320,321,28.24,Casual,81000,Siang,1,3,0
321,322,5.76,RPG,91000,Subuh,1,3,1
322,323,10.38,Casual,17000,Pagi,1,0,1
323,324,5.07,Casual,9000,Malam,0,3,0
324,325,58.52,Casual,77000,Siang,1,10,0
325,326,29.77,Casual,9000,Siang,1,0,0
326,327,19.6,RPG,38000,Subuh,0,2,1
327,328,34.05,RPG,42000,Subuh,1,18,1
328,329,58.9,MOBA,19000,Siang,0,21,0
329,330,58.35,Casual,97000,Subuh,0,22,1
330,331,25.66,FPS,86000,Pagi,1,4,0
331,332,24.83,RPG,11000,Subuh,0,1,1
332,333,10.78,MOBA,68000,Pagi,1,1,0
333,334,28.15,RPG,57000,Siang,0,3,0
334,335,58.71,RPG,80000,Sore,0,24,0
335,336,45.75,Casual,54000,Subuh,0,24,0
336,337,15.09,FPS,58000,Malam,1,1,0
337,338,28.37,Casual,32000,Siang,0,3,0
338,339,24.45,RPG,79000,Subuh,0,1,0
339,340,22.04,FPS,60000,Subuh,1,0,0
340,341,54.99,Casual,54000,Malam,0,16,0
341,342,37.19,FPS,91000,Siang,0,10,0
342,343,12.92,Casual,40000,Malam,1,4,0
343,344,37.3,MOBA,86000,Pagi,1,18,1
344,345,59.32,FPS,98000,Subuh,1,6,1
345,346,53.03,RPG,67000,Siang,0,7,0
346,347,43.44,MOBA,25000,Subuh,1,13,1
347,348,32.91,RPG,77000,Subuh,1,16,1
348,349,22.11,MOBA,83000,Malam,1,1,0
349,350,7.66,MOBA,15000,Subuh,1,1,0
350,351,27.57,MOBA,63000,Pagi,1,2,0
351,352,15.98,FPS,17000,Siang,1,3,0
352,353,10.86,Casual,27000,Sore,0,0,0
353,354,22.26,FPS,8000,Subuh,1,3,0
354,355,52.4,RPG,82000,Siang,1,23,0
355,356,40.57,RPG,21000,Malam,0,18,1
356,357,33.25,RPG,44000,Subuh,0,21,0
357,358,44.65,MOBA,97000,Pagi,1,23,1
358,359,42.26,Casual,7000,Pagi,0,23,0
359,360,7.64,MOBA,16000,Malam,0,0,0
360,361,28.66,FPS,83000,Subuh,1,2,0
361,362,36.33,RPG,91000,Subuh,0,18,0
362,363,59.35,RPG,13000,Sore,1,16,0
363,364,59.73,MOBA,59000,Subuh,0,24,0
364,365,29.81,FPS,14000,Subuh,0,2,0
365,366,52.86,FPS,7000,Malam,1,18,1
366,367,36.51,MOBA,21000,Subuh,1,24,1
367,368,38.74,RPG,54000,Siang,0,17,1
368,369,16.5,Casual,62000,Pagi,0,0,0
369,370,3.35,MOBA,9000,Sore,1,0,0
370,371,28.91,RPG,24000,Malam,0,0,1
371,372,1.32,MOBA,10000,Sore,1,0,0
372,373,48.35,FPS,26000,Siang,1,13,1
373,374,6.14,FPS,83000,Subuh,1,0,0
374,375,40.85,MOBA,99000,Subuh,1,17,1
375,376,25.89,Casual,89000,Subuh,1,3,1
376,377,18.51,MOBA,96000,Siang,1,0,0
377,378,4.02,FPS,84000,Pagi,1,1,0
378,379,40.25,FPS,48000,Siang,0,19,0
379,380,45.32,FPS,43000,Sore,1,11,1
380,381,39.12,MOBA,39000,Sore,1,18,1
381,382,54.88,FPS,20000,Sore,1,6,1
382,383,49.91,MOBA,19000,Pagi,1,16,1
383,384,29.67,FPS,43000,Subuh,0,0,0
384,385,28.53,Casual,67000,Malam,0,2,0
385,386,40.71,RPG,57000,Subuh,0,16,1
386,387,49.52,Casual,60000,Pagi,0,12,0
387,388,1.73,RPG,62000,Subuh,0,1,0
388,389,26.4,Casual,9000,Pagi,0,3,0
389,390,31.52,MOBA,66000,Sore,1,15,0
390,391,40.95,FPS,55000,Malam,1,10,1
391,392,41.61,FPS,97000,Sore,1,17,1
392,393,3.3,MOBA,93000,Sore,0,1,0
393,394,9.68,FPS,32000,Subuh,1,4,1
394,395,19.52,RPG,47000,Subuh,0,4,0
395,396,57.71,Casual,8000,Malam,1,13,0
396,397,32.96,MOBA,28000,Sore,1,6,0
397,398,12.48,FPS,53000,Malam,1,2,0
398,399,21.49,Casual,60000,Subuh,0,1,0
399,400,24.7,FPS,75000,Siang,1,0,0
400,401,28.23,RPG,43000,Pagi,0,3,0
401,402,8.81,RPG,91000,Subuh,0,3,0
402,403,45.01,RPG,17000,Subuh,0,18,0
403,404,58.21,RPG,49000,Subuh,0,10,1
404,405,23.14,MOBA,55000,Sore,1,0,0
405,406,43.82,FPS,98000,Siang,1,19,1
406,407,34.84,FPS,50000,Pagi,0,17,0
407,408,50.97,Casual,28000,Sore,0,17,1
408,409,14.02,RPG,7000,Malam,0,2,1
409,410,32.11,Casual,33000,Malam,1,7,0
410,411,57.49,RPG,99000,Sore,1,12,0
411,412,1.84,FPS,37000,Subuh,1,4,0
412,413,56.29,Casual,68000,Pagi,1,6,0
413,414,24.55,MOBA,12000,Malam,1,2,0
414,415,7.55,Casual,60000,Siang,0,2,0
415,416,18.67,Casual,16000,Siang,1,3,0
416,417,42.9,Casual,33000,Malam,1,7,0
417,418,55.82,MOBA,30000,Subuh,1,11,1
418,419,38.79,FPS,8000,Sore,1,21,1
419,420,52.15,MOBA,61000,Malam,1,22,1
420,421,43.12,Casual,34000,Malam,0,12,0
421,422,30.31,MOBA,89000,Siang,1,13,0
422,423,19.74,RPG,23000,Subuh,1,0,0
423,424,50.52,FPS,37000,Malam,1,15,1
424,425,8.67,FPS,85000,Malam,1,1,0
425,426,26.6,FPS,41000,Malam,1,0,0
426,427,30.14,FPS,93000,Pagi,1,14,0
427,428,16.0,RPG,68000,Subuh,1,0,1
428,429,56.69,FPS,15000,Sore,1,9,0
429,430,22.24,Casual,42000,Pagi,0,1,0
430,431,46.48,FPS,10000,Pagi,0,9,0
431,432,51.17,Casual,40000,Sore,1,5,0
432,433,45.49,FPS,33000,Malam,1,10,1
433,434,24.31,Casual,49000,Pagi,1,3,0
434,435,40.35,FPS,16000,Siang,1,19,1
435,436,1.87,FPS,92000,Siang,0,3,0
436,437,2.85,RPG,43000,Malam,0,4,1
437,438,57.85,Casual,43000,Pagi,0,20,0
438,439,31.76,MOBA,86000,Subuh,0,19,0
439,440,8.09,MOBA,46000,Subuh,1,1,0
440,441,38.87,Casual,5000,Sore,0,17,1
441,442,50.98,FPS,57000,Pagi,1,12,1
442,443,9.99,Casual,11000,Pagi,1,1,0
443,444,45.1,RPG,69000,Malam,1,9,1
444,445,39.41,RPG,96000,Siang,0,16,0
445,446,53.87,FPS,79000,Subuh,1,17,1
446,447,38.52,RPG,21000,Malam,1,19,1
447,448,18.14,Casual,56000,Pagi,0,1,0
448,449,1.46,Casual,27000,Pagi,1,2,0
449,450,21.9,MOBA,70000,Subuh,1,1,0
450,451,11.64,RPG,9000,Sore,0,3,0
451,452,40.79,FPS,98000,Subuh,1,16,1
452,453,12.62,RPG,52000,Malam,1,0,0
453,454,28.08,MOBA,61000,Siang,1,3,0
454,455,44.2,FPS,95000,Sore,1,20,1
455,456,45.68,FPS,86000,Malam,1,5,1
456,457,47.1,Casual,59000,Subuh,0,13,0
457,458,47.28,Casual,93000,Siang,1,14,1
458,459,51.03,Casual,82000,Subuh,0,7,1
459,460,1.03,Casual,32000,Sore,1,0,0
460,461,45.9,FPS,65000,Malam,1,7,0
461,462,27.22,MOBA,39000,Siang,1,4,0
462,463,22.16,Casual,85000,Pagi,0,4,1
463,464,2.62,RPG,26000,Pagi,0,0,0
464,465,41.09,FPS,95000,Subuh,1,23,1
465,466,20.25,RPG,32000,Malam,1,1,1
466,467,25.75,Casual,83000,Malam,0,3,0
467,468,16.06,Casual,36000,Malam,0,2,0
468,469,56.51,FPS,49000,Sore,1,8,1
469,470,46.5,MOBA,83000,Siang,1,24,1
470,471,3.22,MOBA,57000,Pagi,0,0,0
471,472,22.37,FPS,97000,Subuh,1,2,0
472,473,4.06,Casual,97000,Sore,0,0,1
473,474,25.94,MOBA,90000,Subuh,1,2,0
474,475,8.4,Casual,91000,Malam,1,4,1
475,476,9.83,Casual,12000,Siang,1,2,0
476,477,31.54,FPS,95000,Siang,1,21,0
477,478,18.5,FPS,17000,Subuh,0,0,0
478,479,11.15,FPS,94000,Siang,1,2,0
479,480,8.2,MOBA,74000,Pagi,1,2,0
480,481,9.39,MOBA,37000,Malam,0,0,0
481,482,43.9,RPG,46000,Malam,0,19,1
482,483,23.85,Casual,42000,Sore,1,2,0
483,484,42.52,MOBA,85000,Malam,1,23,1
484,485,32.52,Casual,10000,Pagi,0,20,0
485,486,11.58,Casual,73000,Sore,0,2,1
486,487,48.72,RPG,34000,Sore,1,23,0
487,488,5.18,MOBA,64000,Sore,1,2,0
488,489,15.6,Casual,10000,Pagi,0,4,0
489,490,21.82,FPS,94000,Subuh,1,4,0
490,491,47.24,MOBA,13000,Pagi,1,9,0
491,492,13.12,RPG,95000,Malam,0,2,1
492,493,36.47,Casual,31000,Siang,1,13,1
493,494,4.98,FPS,98000,Siang,1,4,1
494,495,33.77,MOBA,72000,Pagi,1,21,0
495,496,16.59,MOBA,54000,Sore,1,3,0
496,497,41.7,MOBA,62000,Sore,0,10,0
497,498,26.39,Casual,62000,Malam,0,1,0
498,499,1.89,RPG,40000,Malam,0,0,1
499,500,15.72,MOBA,87000,Pagi,0,0,0
500,501,56.74,MOBA,94000,Subuh,1,8,1
501,502,41.13,Casual,65000,Subuh,0,21,0
502,503,56.44,MOBA,43000,Subuh,1,10,1
503,504,7.01,MOBA,76000,Siang,0,2,0
504,505,48.62,RPG,30000,Malam,1,23,1
505,506,37.18,FPS,69000,Siang,1,12,1
506,507,49.28,RPG,75000,Pagi,0,18,0
507,508,15.61,Casual,39000,Siang,1,1,0
508,509,36.09,MOBA,95000,Siang,1,23,1
509,510,17.71,Casual,24000,Siang,0,2,0
510,511,5.04,MOBA,46000,Subuh,1,0,0
511,512,52.05,FPS,90000,Pagi,0,6,0
512,513,15.65,Casual,84000,Malam,0,2,1
513,514,4.78,MOBA,53000,Sore,1,4,0
514,515,30.66,FPS,50000,Malam,1,5,0
515,516,25.17,MOBA,44000,Subuh,0,4,0
516,517,56.61,MOBA,89000,Subuh,1,23,0
517,518,18.06,Casual,93000,Sore,0,0,1
518,519,21.87,Casual,88000,Subuh,0,4,1
519,520,21.91,MOBA,31000,Pagi,1,4,0
520,521,33.65,RPG,38000,Malam,1,21,0
521,522,28.25,MOBA,47000,Pagi,0,4,0
522,523,43.59,Casual,27000,Subuh,0,12,0
523,524,32.38,Casual,54000,Pagi,0,15,0
524,525,53.02,MOBA,39000,Malam,1,6,1
525,526,36.86,MOBA,21000,Sore,1,12,1
526,527,25.47,FPS,46000,Sore,1,1,0
527,528,30.51,RPG,57000,Malam,0,19,0
528,529,36.73,Casual,94000,Siang,0,17,1
529,530,53.84,RPG,78000,Subuh,1,21,1
530,531,40.72,RPG,58000,Malam,0,20,0
531,532,43.68,Casual,77000,Subuh,1,20,0
532,533,8.52,MOBA,80000,Subuh,0,1,0
533,534,29.58,RPG,12000,Malam,1,2,0
534,535,13.27,Casual,88000,Malam,0,3,1
535,536,33.19,FPS,12000,Siang,1,19,0
536,537,56.61,MOBA,36000,Sore,0,18,0
537,538,5.05,MOBA,41000,Malam,1,1,0
538,539,55.83,MOBA,26000,Pagi,1,6,1
539,540,33.36,FPS,60000,Pagi,1,9,0
540,541,21.66,Casual,54000,Pagi,0,2,0
541,542,44.79,RPG,68000,Malam,0,21,0
542,543,36.72,FPS,67000,Malam,1,14,1
543,544,25.48,RPG,31000,Sore,0,4,0
544,545,26.07,Casual,74000,Sore,0,0,1
545,546,8.89,RPG,83000,Malam,1,0,0
546,547,56.41,MOBA,26000,Subuh,1,18,1
547,548,36.12,MOBA,11000,Subuh,1,8,1
548,549,59.02,Casual,13000,Subuh,1,5,0
549,550,2.84,RPG,30000,Malam,1,4,1
550,551,51.63,Casual,36000,Sore,0,11,1
551,552,49.7,MOBA,76000,Pagi,1,10,0
552,553,59.93,RPG,94000,Subuh,0,7,1
553,554,15.25,RPG,34000,Malam,1,2,0
554,555,47.24,RPG,6000,Siang,0,10,0
555,556,55.08,FPS,77000,Sore,0,7,0
556,557,52.0,MOBA,42000,Malam,1,23,1
557,558,42.74,RPG,60000,Malam,1,15,1
558,559,21.17,FPS,65000,Subuh,1,3,0
559,560,51.8,MOBA,73000,Pagi,1,15,1
560,561,22.38,MOBA,40000,Sore,0,4,0
561,562,39.01,FPS,67000,Siang,1,5,1
562,563,36.36,RPG,24000,Pagi,0,21,0
563,564,11.01,Casual,70000,Pagi,0,2,0
564,565,27.84,Casual,96000,Sore,0,1,1
565,566,10.07,FPS,84000,Siang,1,1,0
566,567,6.6,RPG,10000,Pagi,0,0,0
567,568,52.98,Casual,71000,Sore,0,17,1
568,569,41.32,RPG,75000,Sore,1,7,0
569,570,13.76,FPS,64000,Pagi,1,4,0
570,571,20.78,RPG,46000,Malam,0,1,1
571,572,6.02,RPG,80000,Malam,0,2,1
572,573,16.85,MOBA,12000,Subuh,1,4,0
573,574,58.1,Casual,6000,Sore,0,12,0
574,575,2.21,MOBA,29000,Pagi,1,4,0
575,576,13.42,MOBA,90000,Siang,1,1,0
576,577,42.69,MOBA,81000,Subuh,1,14,1
577,578,9.5,RPG,5000,Sore,1,0,0
578,579,19.08,FPS,73000,Subuh,1,0,0
579,580,21.48,MOBA,68000,Pagi,1,4,1
580,581,53.48,Casual,7000,Subuh,0,20,0
581,582,34.02,MOBA,85000,Pagi,1,22,0
582,583,42.21,RPG,77000,Siang,0,21,0
583,584,31.1,FPS,60000,Siang,1,8,1
584,585,56.01,FPS,68000,Malam,0,7,0
585,586,11.79,MOBA,91000,Subuh,1,0,0
586,587,15.92,MOBA,40000,Sore,1,2,0
587,588,47.96,MOBA,99000,Pagi,1,24,1
588,589,16.53,FPS,64000,Siang,1,3,0
589,590,14.69,Casual,49000,Subuh,0,1,0
590,591,56.96,RPG,33000,Sore,0,17,0
591,592,28.51,FPS,72000,Siang,1,0,0
592,593,56.18,MOBA,43000,Siang,0,20,0
593,594,31.12,Casual,69000,Malam,0,24,0
594,595,51.33,FPS,85000,Pagi,1,15,1
595,596,15.01,RPG,49000,Subuh,1,2,0
596,597,23.41,Casual,24000,Sore,1,2,0
597,598,13.44,MOBA,69000,Subuh,1,1,0
598,599,45.22,RPG,55000,Subuh,0,15,0
599,600,20.6,MOBA,68000,Sore,1,2,0
600,601,41.03,MOBA,33000,Subuh,1,8,1
601,602,54.86,Casual,97000,Malam,0,21,1
602,603,37.74,MOBA,80000,Malam,1,12,1
603,604,51.12,MOBA,38000,Pagi,1,12,1
604,605,27.72,MOBA,11000,Pagi,1,3,0
605,606,21.14,FPS,47000,Siang,0,1,0
606,607,39.2,Casual,60000,Sore,0,7,0
607,608,4.28,RPG,49000,Subuh,0,1,1
608,609,22.05,Casual,91000,Pagi,0,1,0
609,610,21.18,FPS,87000,Malam,0,4,0
610,611,17.99,RPG,95000,Siang,1,0,0
611,612,7.88,FPS,39000,Sore,1,3,0
612,613,7.25,RPG,59000,Malam,1,1,1
613,614,56.62,Casual,84000,Subuh,1,17,0
614,615,22.33,RPG,98000,Sore,0,1,0
615,616,2.91,MOBA,87000,Malam,0,1,0
616,617,45.14,Casual,94000,Malam,1,13,0
617,618,47.14,Casual,38000,Malam,0,5,0
618,619,14.36,RPG,60000,Siang,0,1,0
619,620,49.42,MOBA,90000,Pagi,1,17,0
620,621,28.53,MOBA,92000,Sore,1,4,0
621,622,45.95,FPS,49000,Subuh,1,10,1
622,623,5.52,RPG,55000,Pagi,0,3,0
623,624,39.6,MOBA,97000,Pagi,1,18,0
624,625,25.64,RPG,54000,Subuh,0,2,0
625,626,21.93,Casual,70000,Siang,1,4,0
626,627,54.06,MOBA,15000,Malam,1,18,1
627,628,13.8,MOBA,22000,Sore,0,3,0
628,629,10.92,FPS,72000,Sore,1,2,0
629,630,19.47,MOBA,89000,Malam,1,1,0
630,631,17.86,MOBA,76000,Siang,0,4,0
631,632,44.16,RPG,90000,Malam,0,18,0
632,633,46.32,MOBA,29000,Siang,1,13,1
633,634,34.81,Casual,89000,Sore,1,15,1
634,635,57.98,Casual,27000,Sore,0,10,0
635,636,8.81,MOBA,79000,Sore,1,1,0
636,637,36.61,RPG,49000,Malam,0,13,0
637,638,37.74,RPG,45000,Malam,1,6,0
638,639,25.67,FPS,81000,Siang,0,1,0
639,640,48.49,FPS,68000,Malam,1,14,1
640,641,2.4,FPS,95000,Pagi,1,1,0
641,642,25.76,MOBA,25000,Pagi,0,2,0
642,643,35.41,MOBA,79000,Sore,1,20,1
643,644,22.48,Casual,98000,Siang,0,2,1
644,645,17.02,RPG,18000,Malam,0,3,0
645,646,50.11,FPS,26000,Pagi,1,12,1
646,647,6.63,Casual,10000,Malam,0,1,0
647,648,52.37,FPS,47000,Sore,1,19,1
648,649,10.52,MOBA,25000,Subuh,1,3,0
649,650,44.3,RPG,39000,Malam,0,9,1
650,651,35.51,RPG,71000,Sore,0,8,0
651,652,53.85,Casual,17000,Sore,0,10,0
652,653,47.64,Casual,69000,Malam,0,9,0
653,654,44.54,FPS,13000,Malam,1,6,0
654,655,27.23,RPG,99000,Subuh,1,2,1
655,656,52.1,RPG,99000,Subuh,0,14,0
656,657,20.49,FPS,53000,Subuh,1,0,0
657,658,6.87,RPG,7000,Subuh,0,0,1
658,659,12.51,RPG,25000,Subuh,0,3,0
659,660,8.43,Casual,14000,Sore,1,3,0
660,661,53.49,MOBA,62000,Siang,1,24,1
661,662,46.35,FPS,49000,Siang,1,17,1
662,663,39.48,RPG,11000,Siang,0,24,0
663,664,7.69,Casual,37000,Siang,0,3,0
664,665,28.45,FPS,64000,Pagi,1,3,0
665,666,46.87,RPG,57000,Sore,0,18,0
666,667,48.55,FPS,60000,Subuh,0,14,0
667,668,50.55,Casual,37000,Siang,0,10,0
668,669,18.31,MOBA,80000,Subuh,1,0,0
669,670,50.41,Casual,95000,Sore,0,17,1
670,671,13.86,Casual,36000,Sore,0,3,0
671,672,40.24,MOBA,17000,Malam,1,19,1
672,673,19.78,RPG,43000,Subuh,1,2,0
673,674,43.02,FPS,58000,Subuh,1,7,1
674,675,33.63,RPG,57000,Malam,0,12,0
675,676,19.58,RPG,13000,Subuh,1,2,1
676,677,52.54,RPG,90000,Malam,0,19,0
677,678,29.85,Casual,70000,Subuh,0,0,0
678,679,8.57,RPG,16000,Malam,0,3,0
679,680,59.69,RPG,64000,Sore,0,24,0
680,681,47.99,RPG,24000,Siang,1,20,0
681,682,18.59,FPS,56000,Malam,1,2,0
682,683,33.12,MOBA,10000,Siang,1,10,0
683,684,17.04,MOBA,29000,Pagi,1,0,1
684,685,33.14,Casual,74000,Sore,1,8,0
685,686,42.4,MOBA,37000,Sore,1,18,1
686,687,55.52,FPS,78000,Pagi,1,8,1
687,688,45.62,MOBA,34000,Malam,1,17,0
688,689,35.49,RPG,38000,Subuh,0,5,1
689,690,10.55,MOBA,52000,Sore,1,3,0
690,691,7.79,Casual,99000,Siang,0,4,1
691,692,39.25,MOBA,48000,Pagi,1,21,1
692,693,9.93,MOBA,30000,Subuh,0,2,0
693,694,8.48,FPS,69000,Malam,1,2,0
694,695,13.68,RPG,62000,Subuh,0,4,0
695,696,18.43,Casual,13000,Sore,0,0,0
696,697,18.48,Casual,58000,Sore,0,3,0
697,698,31.9,MOBA,77000,Pagi,1,15,0
698,699,55.03,Casual,79000,Subuh,0,5,1
699,700,59.28,MOBA,22000,Malam,0,23,0
700,701,35.26,FPS,6000,Siang,1,9,1
701,702,37.46,RPG,98000,Siang,1,5,0
702,703,21.74,MOBA,66000,Subuh,0,1,0
703,704,54.24,Casual,76000,Siang,0,15,1
704,705,35.69,FPS,53000,Siang,1,10,1
705,706,27.28,FPS,44000,Malam,1,2,0
706,707,34.72,FPS,83000,Subuh,1,14,0
707,708,50.4,RPG,68000,Siang,0,19,0
708,709,44.8,FPS,42000,Malam,1,17,1
709,710,53.13,Casual,85000,Malam,0,23,0
710,711,5.2,RPG,54000,Subuh,0,4,0
711,712,55.14,RPG,9000,Sore,0,9,0
712,713,20.49,Casual,85000,Pagi,0,3,1
713,714,47.99,MOBA,54000,Pagi,0,15,0
714,715,44.0,FPS,19000,Subuh,0,22,0
715,716,11.02,Casual,66000,Sore,1,0,0
716,717,2.42,FPS,7000,Pagi,0,2,1
717,718,33.44,Casual,35000,Subuh,0,24,0
718,719,48.05,MOBA,61000,Subuh,1,16,0
719,720,17.56,FPS,67000,Sore,1,4,0
720,721,57.74,FPS,26000,Pagi,1,15,1
721,722,11.67,MOBA,24000,Malam,1,3,0
722,723,22.96,Casual,81000,Subuh,0,4,1
723,724,9.26,RPG,49000,Malam,0,3,1
724,725,8.98,Casual,78000,Subuh,0,3,1
725,726,34.74,MOBA,91000,Pagi,1,10,0
726,727,40.48,RPG,72000,Malam,1,22,1
727,728,10.53,FPS,24000,Sore,1,1,0
728,729,49.82,RPG,39000,Subuh,0,10,0
729,730,44.94,FPS,81000,Siang,1,17,1
730,731,8.86,FPS,92000,Malam,1,0,0
731,732,19.82,FPS,52000,Pagi,1,4,0
732,733,7.18,RPG,22000,Malam,0,1,1
733,734,22.34,Casual,55000,Pagi,0,4,0
734,735,8.18,MOBA,90000,Siang,1,2,0
735,736,18.45,FPS,59000,Sore,0,3,0
736,737,23.7,FPS,58000,Subuh,1,0,0
737,738,6.18,MOBA,78000,Pagi,1,3,0
738,739,22.26,RPG,6000,Malam,0,0,0
739,740,16.69,RPG,20000,Subuh,0,3,1
740,741,53.27,FPS,94000,Siang,1,13,1
741,742,3.9,MOBA,10000,Subuh,0,4,0
742,743,51.69,Casual,45000,Subuh,0,13,0
743,744,19.44,Casual,94000,Subuh,1,1,1
744,745,46.19,FPS,19000,Malam,1,21,1
745,746,57.95,MOBA,60000,Siang,1,7,1
746,747,26.22,MOBA,35000,Subuh,1,2,0
747,748,31.88,MOBA,79000,Pagi,1,16,0
748,749,50.92,FPS,67000,Malam,1,23,1
749,750,54.29,MOBA,15000,Siang,1,24,1
750,751,33.21,FPS,87000,Sore,1,8,0
751,752,41.73,RPG,86000,Malam,0,18,1
752,753,31.12,RPG,34000,Siang,0,18,0
753,754,5.97,MOBA,68000,Sore,1,3,0
754,755,47.21,RPG,18000,Subuh,1,8,1
755,756,38.66,FPS,10000,Sore,1,20,1
756,757,23.62,FPS,83000,Siang,1,1,0
757,758,35.09,RPG,62000,Malam,1,7,1
758,759,7.22,Casual,50000,Subuh,1,0,0
759,760,9.22,MOBA,44000,Siang,0,2,0
760,761,38.25,Casual,71000,Subuh,0,12,1
761,762,9.22,MOBA,92000,Subuh,1,3,0
762,763,11.12,MOBA,47000,Subuh,0,4,0
763,764,4.72,RPG,29000,Siang,0,4,0
764,765,25.23,MOBA,24000,Siang,1,0,0
765,766,17.34,RPG,76000,Malam,0,0,1
766,767,26.68,Casual,5000,Sore,0,0,0
767,768,13.96,FPS,58000,Siang,0,2,0
768,769,43.72,FPS,27000,Pagi,0,8,0
769,770,5.31,RPG,64000,Subuh,0,3,1
770,771,7.37,MOBA,10000,Siang,1,0,0
771,772,48.34,FPS,75000,Sore,1,14,1
772,773,46.62,MOBA,6000,Siang,1,8,1
773,774,29.51,MOBA,58000,Siang,1,0,0
774,775,6.74,FPS,56000,Pagi,0,3,1
775,776,8.19,MOBA,37000,Sore,0,0,1
776,777,9.08,Casual,11000,Sore,0,0,0
777,778,25.63,MOBA,47000,Sore,1,4,0
778,779,32.69,FPS,96000,Siang,1,21,0
779,780,40.77,RPG,79000,Siang,0,23,0
780,781,2.22,MOBA,23000,Malam,1,4,0
781,782,29.12,FPS,87000,Malam,1,1,0
782,783,46.4,MOBA,53000,Pagi,1,11,1
783,784,17.77,RPG,88000,Subuh,1,2,1
784,785,12.46,FPS,53000,Pagi,1,4,0
785,786,47.79,MOBA,44000,Siang,1,19,1
786,787,21.79,RPG,71000,Subuh,0,4,0
787,788,46.05,FPS,53000,Subuh,1,19,1
788,789,38.36,FPS,94000,Sore,1,22,1
789,790,49.4,FPS,35000,Siang,0,6,0
790,791,33.56,Casual,18000,Siang,1,19,0
791,792,38.92,Casual,61000,Sore,1,18,0
792,793,28.88,RPG,15000,Subuh,0,3,0
793,794,41.71,FPS,86000,Pagi,1,15,0
794,795,12.93,Casual,19000,Pagi,0,4,0
795,796,24.44,Casual,17000,Pagi,0,0,0
796,797,57.98,Casual,73000,Subuh,0,14,1
797,798,12.53,Casual,34000,Subuh,0,0,0
798,799,7.78,Casual,95000,Malam,0,2,0
799,800,19.53,RPG,49000,Sore,1,3,0
800,801,41.79,MOBA,96000,Siang,1,7,1
801,802,54.66,FPS,33000,Malam,1,7,1
802,803,51.06,RPG,99000,Subuh,0,18,1
803,804,48.5,FPS,76000,Pagi,0,14,0
804,805,23.86,Casual,76000,Malam,0,3,0
805,806,45.21,RPG,16000,Malam,0,17,0
806,807,7.26,Casual,73000,Sore,0,3,1
807,808,53.98,Casual,56000,Siang,0,20,0
808,809,3.32,FPS,39000,Subuh,1,3,0
809,810,51.56,MOBA,62000,Malam,1,8,1
810,811,19.26,Casual,67000,Subuh,1,1,0
811,812,49.13,MOBA,36000,Sore,1,15,0
812,813,22.01,FPS,22000,Sore,0,4,0
813,814,38.48,FPS,32000,Siang,0,15,0
814,815,55.79,FPS,46000,Siang,1,16,0
815,816,32.4,MOBA,74000,Pagi,1,23,0
816,817,4.38,MOBA,21000,Siang,1,0,1
817,818,43.93,MOBA,17000,Siang,1,12,1
818,819,29.75,FPS,62000,Pagi,1,1,0
819,820,31.64,MOBA,82000,Malam,0,16,0
820,821,51.5,MOBA,31000,Subuh,0,11,0
821,822,23.88,FPS,36000,Subuh,1,3,0
822,823,3.42,MOBA,58000,Siang,0,2,0
823,824,58.38,Casual,22000,Pagi,0,5,0
824,825,5.42,FPS,48000,Malam,1,2,0
825,826,49.85,MOBA,11000,Siang,1,6,1
826,827,26.07,RPG,16000,Pagi,0,4,0
827,828,6.93,FPS,9000,Sore,1,4,0
828,829,20.61,Casual,64000,Malam,0,3,1
829,830,52.24,MOBA,87000,Subuh,1,8,1
830,831,41.43,MOBA,51000,Sore,1,5,0
831,832,25.73,FPS,51000,Pagi,1,1,0
832,833,15.73,FPS,26000,Sore,0,3,0
833,834,44.86,MOBA,41000,Malam,0,9,0
834,835,51.21,Casual,17000,Malam,1,19,0
835,836,39.27,MOBA,73000,Pagi,0,22,0
836,837,29.1,RPG,77000,Malam,0,3,1
837,838,28.98,RPG,71000,Subuh,1,4,1
838,839,9.73,RPG,85000,Sore,1,4,1
839,840,50.48,RPG,7000,Pagi,0,9,0
840,841,3.21,FPS,56000,Malam,1,2,0
841,842,56.19,FPS,47000,Subuh,1,18,0
842,843,26.29,FPS,37000,Pagi,1,2,0
843,844,48.08,MOBA,34000,Subuh,1,23,1
844,845,57.32,RPG,66000,Subuh,1,16,0
845,846,38.1,FPS,88000,Siang,1,6,1
846,847,24.23,FPS,18000,Siang,1,1,0
847,848,14.59,MOBA,50000,Siang,0,2,0
848,849,35.42,MOBA,69000,Siang,1,10,1
849,850,5.57,RPG,44000,Malam,0,2,1
850,851,51.55,FPS,73000,Pagi,1,19,1
851,852,56.39,MOBA,42000,Malam,1,21,0
852,853,51.91,RPG,46000,Siang,0,8,0
853,854,13.04,RPG,20000,Siang,1,4,0
854,855,30.66,FPS,86000,Subuh,0,8,0
855,856,47.02,FPS,24000,Pagi,0,8,0
856,857,49.41,RPG,99000,Malam,0,9,1
857,858,16.03,RPG,98000,Siang,0,3,1
858,859,38.52,MOBA,9000,Pagi,0,24,0
859,860,26.27,RPG,33000,Malam,0,0,1
860,861,47.73,Casual,50000,Siang,0,5,0
861,862,29.76,Casual,93000,Malam,0,0,1
862,863,9.43,MOBA,36000,Pagi,1,0,1
863,864,4.24,FPS,42000,Sore,1,4,0
864,865,16.27,Casual,16000,Siang,0,2,0
865,866,21.48,FPS,6000,Siang,1,1,1
866,867,32.71,FPS,7000,Siang,1,8,0
867,868,13.58,MOBA,32000,Sore,1,3,0
868,869,4.29,FPS,86000,Malam,1,4,0
869,870,33.08,MOBA,33000,Siang,1,16,0
870,871,51.26,RPG,21000,Malam,0,13,1
871,872,29.57,FPS,54000,Sore,1,3,0
872,873,12.06,FPS,53000,Sore,0,3,0
873,874,50.84,Casual,59000,Siang,0,21,0
874,875,52.21,MOBA,93000,Siang,1,22,0
875,876,16.49,FPS,87000,Sore,1,4,0
876,877,41.72,RPG,97000,Malam,0,15,0
877,878,16.74,Casual,75000,Malam,1,0,1
878,879,19.62,Casual,95000,Malam,0,3,1
879,880,25.26,MOBA,55000,Malam,1,3,0
880,881,1.16,RPG,63000,Siang,0,1,0
881,882,44.64,MOBA,43000,Siang,1,7,1
882,883,40.95,RPG,12000,Sore,0,11,0
883,884,52.78,MOBA,33000,Pagi,1,23,1
884,885,42.54,RPG,53000,Siang,1,7,0
885,886,15.26,Casual,73000,Sore,0,3,1
886,887,6.4,MOBA,85000,Sore,1,3,0
887,888,4.59,FPS,99000,Subuh,1,3,0
888,889,52.11,MOBA,34000,Sore,1,16,1
889,890,41.88,RPG,10000,Siang,0,17,0
890,891,10.23,Casual,46000,Subuh,0,4,0
891,892,43.61,FPS,59000,Siang,1,7,0
892,893,14.74,RPG,33000,Subuh,0,3,0
893,894,16.23,FPS,58000,Pagi,1,4,0
894,895,37.65,MOBA,82000,Malam,0,21,0
895,896,35.06,Casual,30000,Siang,0,11,0
896,897,6.03,FPS,46000,Siang,1,2,0
897,898,47.91,FPS,15000,Sore,1,6,1
898,899,28.57,RPG,92000,Malam,0,3,1
899,900,5.44,MOBA,64000,Siang,1,1,0
900,901,8.88,FPS,95000,Siang,1,1,0
901,902,34.76,Casual,31000,Subuh,0,11,1
902,903,16.55,Casual,62000,Sore,0,1,0
903,904,14.16,RPG,98000,Subuh,0,2,1
904,905,52.88,RPG,17000,Malam,1,15,0
905,906,3.36,RPG,14000,Siang,0,1,0
906,907,26.19,Casual,80000,Siang,0,3,1
907,908,4.9,MOBA,92000,Sore,1,1,0
908,909,40.07,MOBA,34000,Siang,1,19,1
909,910,3.35,FPS,18000,Subuh,1,2,0
910,911,40.58,MOBA,53000,Sore,0,15,0
911,912,27.32,RPG,23000,Siang,1,4,0
912,913,3.88,MOBA,63000,Siang,1,0,0
913,914,45.64,FPS,74000,Malam,0,9,0
914,915,35.68,Casual,17000,Malam,0,18,1
915,916,32.94,FPS,62000,Subuh,0,23,0
916,917,50.47,Casual,75000,Subuh,1,14,1
917,918,8.44,MOBA,34000,Pagi,1,0,0
918,919,31.26,FPS,15000,Sore,1,10,0
919,920,5.18,MOBA,84000,Malam,1,3,0
920,921,17.88,FPS,7000,Sore,1,3,1
921,922,13.39,RPG,73000,Sore,0,3,0
922,923,29.53,Casual,19000,Sore,1,3,0
923,924,9.65,FPS,29000,Pagi,1,0,0
924,925,19.26,RPG,93000,Sore,0,1,0
925,926,21.92,RPG,84000,Malam,0,0,1
926,927,7.11,RPG,25000,Malam,0,3,1
927,928,56.8,Casual,54000,Malam,0,20,0
928,929,20.81,RPG,15000,Malam,1,2,0
929,930,38.96,Casual,85000,Malam,0,8,0
930,931,10.73,Casual,67000,Siang,0,3,0
931,932,16.7,MOBA,21000,Pagi,1,2,0
932,933,59.51,FPS,22000,Sore,1,11,0
933,934,53.34,MOBA,15000,Sore,1,22,1
934,935,38.21,RPG,26000,Siang,0,14,0
935,936,56.49,FPS,88000,Pagi,1,8,0
936,937,16.81,FPS,5000,Siang,1,1,0
937,938,23.14,MOBA,48000,Pagi,1,2,0
938,939,24.91,MOBA,22000,Subuh,1,1,0
939,940,49.36,FPS,82000,Subuh,1,18,1
940,941,14.97,Casual,53000,Malam,0,4,1
941,942,57.9,Casual,75000,Sore,0,16,1
942,943,13.02,FPS,13000,Siang,1,2,0
943,944,25.55,FPS,91000,Sore,1,0,0
944,945,9.47,Casual,16000,Malam,1,1,0
945,946,29.5,MOBA,72000,Sore,1,1,0
946,947,5.17,MOBA,60000,Sore,1,1,0
947,948,51.68,MOBA,81000,Siang,1,16,1
948,949,36.65,RPG,91000,Sore,0,24,0
949,950,52.54,RPG,48000,Malam,0,12,1
950,951,57.59,RPG,86000,Subuh,0,19,0
951,952,41.7,RPG,7000,Malam,0,22,0
952,953,25.94,FPS,19000,Subuh,1,1,0
953,954,21.75,MOBA,65000,Subuh,1,4,0
954,955,52.15,FPS,56000,Pagi,1,22,0
955,956,54.79,FPS,100000,Siang,1,21,1
956,957,55.09,MOBA,91000,Siang,1,13,1
957,958,12.35,RPG,26000,Sore,1,1,0
958,959,38.26,MOBA,90000,Siang,1,13,1
959,960,18.84,FPS,21000,Siang,1,1,0
960,961,25.72,MOBA,41000,Siang,1,0,0
961,962,26.36,FPS,22000,Subuh,1,0,0
962,963,46.83,RPG,5000,Malam,0,13,0
963,964,15.65,Casual,26000,Malam,1,1,0
964,965,15.1,MOBA,9000,Siang,1,1,0
965,966,42.44,RPG,37000,Pagi,0,23,0
966,967,58.84,MOBA,80000,Pagi,0,7,0
967,968,54.04,MOBA,78000,Pagi,0,14,0
968,969,31.69,Casual,51000,Subuh,0,12,0
969,970,13.72,RPG,80000,Sore,1,4,0
970,971,57.18,RPG,59000,Malam,1,11,1
971,972,2.0,Casual,56000,Sore,0,1,0
972,973,1.85,MOBA,68000,Subuh,1,3,0
973,974,28.11,RPG,83000,Malam,0,0,1
974,975,29.63,FPS,83000,Pagi,0,4,0
975,976,36.86,FPS,96000,Malam,1,6,1
976,977,15.94,RPG,16000,Malam,1,4,1
977,978,45.46,Casual,54000,Malam,0,22,0
978,979,18.52,MOBA,86000,Malam,0,1,0
979,980,37.35,Casual,39000,Siang,0,21,0
980,981,14.91,FPS,77000,Siang,0,3,0
981,982,8.5,Casual,48000,Siang,1,4,0
982,983,30.86,FPS,23000,Pagi,1,18,0
983,984,35.48,FPS,52000,Subuh,1,18,0
984,985,33.7,FPS,37000,Subuh,1,23,0
985,986,47.84,FPS,55000,Pagi,0,14,0
986,987,7.27,Casual,21000,Subuh,0,0,0
987,988,20.07,MOBA,33000,Malam,1,4,1
988,989,23.26,FPS,23000,Sore,1,1,0
989,990,40.18,MOBA,45000,Pagi,1,9,1
990,991,44.78,RPG,49000,Subuh,0,11,0
991,992,43.64,Casual,23000,Subuh,0,21,0
992,993,14.83,MOBA,24000,Subuh,1,2,0
993,994,55.47,MOBA,17000,Subuh,1,7,1
994,995,16.64,MOBA,55000,Subuh,0,2,1
995,996,48.33,Casual,62000,Sore,0,15,0
996,997,45.62,MOBA,24000,Malam,0,19,0
997,998,42.26,MOBA,66000,Siang,1,6,0
998,999,52.68,FPS,77000,Siang,0,14,0
999,1000,56.83,RPG,69000,Sore,1,15,0
